 Please evaluate and grade it.,Silakan evaluasi dan beri peringkat.
 designed as a learning path to guide your progress. You may take the courses in any order that suits you. ,dirancang sebagai jalur pembelajaran untuk memandu kemajuan Anda. Anda dapat mengikuti kursus dalam urutan apa pun yang sesuai dengan keinginan Anda.
" designed as a structured learning path to guide your progress. Courses in this program must be taken in order, and each course will unlock as you complete the previous one. ","dirancang sebagai jalur pembelajaran terstruktur untuk memandu kemajuan Anda. Kursus dalam program ini harus diambil secara berurutan, dan setiap kursus akan terbuka saat Anda menyelesaikan kursus sebelumnya."
 to ,ke
 you are on a,kamu berada di a
A course cannot have both paid certificate and certificate of completion.,Suatu kursus tidak boleh memiliki sertifikat berbayar dan sertifikat kelulusan sekaligus.
A new batch has been published on ,Batch baru telah diterbitkan pada
A new course has been published on ,Kursus baru telah diterbitkan pada
A one line introduction to the course that appears on the course card,Satu baris pengenalan mata pelajaran yang muncul pada kartu mata pelajaran
About,Tentang
About the Course,Tentang Kursus
Acceptance for Terms and/or Policies,Penerimaan atas Syarat dan/atau Kebijakan
"Access courses, join batches, and track learning progress","Akses kursus, bergabung dalam kelompok, dan lacak kemajuan pembelajaran"
Account ID,ID Akun
Account Name,Nama Akun
Achievements,Prestasi
Activate this Google Meet account for scheduling meetings.,Aktifkan akun Google Meet ini untuk menjadwalkan rapat.
Activate this Zoom account for scheduling meetings.,Aktifkan akun Zoom ini untuk menjadwalkan rapat.
Active Members,Anggota Aktif
Add,Tambahkan
Add Chapter,Tambahkan Bab
Add Course to Program,Tambahkan Kursus ke Program
Add Existing User as Evaluator,Tambahkan Pengguna yang Ada sebagai Evaluator
Add Lesson,Tambahkan Pelajaran
Add New Member,Tambahkan Anggota Baru
Add Question,Tambahkan Pertanyaan
Add Quiz to Video,Tambahkan Kuis ke Video
Add Row,Tambah Baris
Add Slot,Tambahkan Slot
Add Test Case,Tambahkan Kasus Uji
Add Transaction,Tambahkan Transaksi
Add a Chapter,Tambahkan Bab
Add a Lesson,Tambahkan Pelajaran
Add a chapter,Tambahkan satu bab
Add a course to the batch,Tambahkan kursus ke batch
Add a keyword and press enter,Tambahkan kata kunci dan tekan enter
Add a lesson,Tambahkan pelajaran
Add a program,Tambahkan program
Add a programming exercise to your lesson,Tambahkan latihan pemrograman ke pelajaran Anda
Add a quiz to your lesson,Tambahkan kuis ke pelajaran Anda
Add an assessment,Tambahkan penilaian
Add an assignment to your lesson,Tambahkan tugas ke pelajaran Anda
Add courses to your batch,Tambahkan kursus ke kelompok Anda
Add new question,Tambahkan pertanyaan baru
Add quiz to this video,Tambahkan kuis ke video ini
Add students to your batch,Tambahkan siswa ke kelompok Anda
Add to Notes,Tambahkan ke Catatan
Add web page to sidebar,Tambahkan halaman web ke sidebar
Add your first chapter,Tambahkan bab pertama Anda
Add your first lesson,Tambahkan pelajaran pertama Anda
Address,Alamat
Address Line 1,Jalur Alamat 1
Address Line 2,Jalur Alamat 2
Admin,Admin
Administrator,Administrator
All,Semua
All Batches,Semua Batch
All Courses,Semua Kursus
All Programs,Semua Program
All questions should have the same marks if the limit is set.,Semua pertanyaan harus memiliki nilai yang sama jika batasannya ditentukan.
Allow Guest Access,Izinkan Akses Tamu
Allow Job Posting,Izinkan Postingan Pekerjaan
Allow Self Enrollment,Izinkan Pendaftaran Mandiri
Allow accessing future dates,Izinkan mengakses tanggal yang akan datang
Allow this coupon to be used for discounts.,Izinkan kupon ini digunakan untuk diskon.
Allow users to enroll in this batch on their own.,Izinkan pengguna untuk mendaftar sendiri dalam kelompok ini.
Allow users to enroll in this course on their own.,Izinkan pengguna untuk mendaftar sendiri dalam kursus ini.
Allow users to view their past quiz attempts.,Izinkan pengguna melihat upaya kuis mereka sebelumnya.
Already Registered,Sudah Terdaftar
Amber,Amber
Amount,Jumlah
Amount (USD),Jumlah (USD)
Amount and currency are required for paid batches.,Jumlah dan mata uang diperlukan untuk batch berbayar.
Amount and currency are required for paid certificates.,Jumlah dan mata uang diperlukan untuk sertifikat berbayar.
Amount and currency are required for paid courses.,Jumlah dan mata uang diperlukan untuk kursus berbayar.
Amount with GST,Jumlah dengan GST
Announcement,Pengumuman
Announcement has been sent successfully,Pengumuman telah berhasil dikirim
Announcement is required,Pengumuman diperlukan
Announcements,Pengumuman
Answer,Menjawab
Applicable For,Berlaku Untuk
Applicable Items,Item yang Berlaku
Application,Aplikasi
Application Form Link,Tautan Formulir Aplikasi
Applications,Aplikasi
Applied On,Diterapkan Pada
Apply,Menerapkan
Apply GST for India,Terapkan GST untuk India
Apply Rounding on Equivalent,Terapkan Pembulatan pada Setara
Apply for this job,Lamar pekerjaan ini
Approved,Disetujui
Apps,Aplikasi
Archived,Diarsipkan
Are you sure you want to cancel this evaluation? This action cannot be undone.,Apakah Anda yakin ingin membatalkan evaluasi ini? Tindakan ini tidak dapat dibatalkan.
Are you sure you want to delete this program? This action cannot be undone.,Apakah Anda yakin ingin menghapus program ini? Tindakan ini tidak dapat dibatalkan.
Are you sure you want to enroll?,Apakah Anda yakin ingin mendaftar?
Are you sure you want to login to your Frappe Cloud dashboard?,Apakah Anda yakin ingin masuk ke dasbor GARP Cloud Anda?
Are you sure you want to submit the quiz?,Apakah Anda yakin ingin mengirimkan kuis ini?
As a part of this batch's curriculum you will have to complete the following courses and assessments.,Sebagai bagian dari kurikulum angkatan ini Anda harus menyelesaikan kursus dan penilaian berikut.
Ask a question to get help from the community.,Ajukan pertanyaan untuk mendapatkan bantuan dari komunitas.
Assessment,Penilaian
Assessment Name,Nama Penilaian
Assessment Type,Jenis Penilaian
Assessment added successfully,Penilaian berhasil ditambahkan
Assessments,Penilaian
Assign,Menetapkan
Assign For,Tetapkan Untuk
Assign To,Tugaskan Kepada
Assign a Badge,Tetapkan Lencana
Assigned For,Ditugaskan Untuk
Assignment,Penugasan
Assignment Attachment,Lampiran Tugas
Assignment Progress,Kemajuan Penugasan
Assignment Question,Pertanyaan Tugas
Assignment Submission,Penyerahan Tugas
Assignment Submissions,Penyerahan Tugas
Assignment Title,Judul Tugas
Assignment created successfully,Tugas berhasil dibuat
Assignment submitted successfully,Tugas berhasil dikirimkan
Assignment updated successfully,Tugas berhasil diperbarui
Assignment will appear at the bottom of the lesson.,Tugas akan muncul di bagian bawah pelajaran.
Assignments,Tugas
At least one applicable item is required,Setidaknya satu item yang berlaku diperlukan
At least one option must be correct for this question.,Setidaknya satu opsi harus benar untuk pertanyaan ini.
At least one test case is required for the programming exercise.,Setidaknya satu kasus uji diperlukan untuk latihan pemrograman.
Attempted Questions,Pertanyaan yang Dicoba
Attended for,Dihadiri untuk
Attendees,Peserta
Attire Preference,Preferensi Pakaian
Authorize Google Calendar Access,Otorisasi Akses Google Kalender
Auto Recording,Perekaman Otomatis
Availability updated successfully,Ketersediaan berhasil diperbarui
Available Slots,Slot yang Tersedia
Average Completion Rate,Tingkat Penyelesaian Rata-rata
Average Feedback Received,Umpan Balik Rata-Rata yang Diterima
Average Progress %,Rata-rata Kemajuan %
Average Rating,Peringkat Rata-Rata
Average Watch Time (mins),Waktu Tonton Rata-rata (menit)
Back to Course,Kembali ke Kursus
Badge,Lencana
Badge Description,Deskripsi Lencana
Badge Image,Gambar Lencana
Badge assigned successfully,Lencana berhasil ditetapkan
Badge assignment created successfully,Penetapan lencana berhasil dibuat
Badge assignment updated successfully,Penetapan lencana berhasil diperbarui
Badge assignments deleted successfully,Penetapan lencana berhasil dihapus
Badge created successfully,Lencana berhasil dibuat
Badge updated successfully,Lencana berhasil diperbarui
Batch,Batch
Batch Confirmation Template,Templat Konfirmasi Batch
Batch Course,Kursus Batch
Batch Details,Detail Batch
Batch Details Raw,Detail Batch Mentah
Batch End Date,Tanggal Berakhir Batch
Batch Enrollment,Pendaftaran Batch
Batch Enrollment Confirmation,Konfirmasi Pendaftaran Batch
Batch Evaluator,Penilai Batch
Batch Name,Nama Kelompok
Batch Settings,Pengaturan Kelompok
Batch Start Date,Tanggal Mulai Batch
Batch Start Date:,Tanggal Mulai Batch:
Batch Summary,Ringkasan Kelompok
Batch Title,Judul Kelompok
Batch created successfully,Batch berhasil dibuat
Batch deleted successfully,Batch berhasil dihapus
Batch end date cannot be before the batch start date,Tanggal akhir batch tidak boleh sebelum tanggal mulai batch
Batch has already started.,Batch sudah dimulai.
Batch is sold out.,Batch sudah habis terjual.
Batch start time cannot be greater than or equal to end time.,Waktu mulai batch tidak boleh lebih besar atau sama dengan waktu berakhir.
Batch updated successfully,Batch berhasil diperbarui
Batch:,Kelompok:
Batches,kumpulan
Best Regards,Salam
Billing Details,Detail Penagihan
Billing Name,Nama Penagihan
Bio,Biografi
Blue,Biru
Body,Tubuh
Book a free onboarding session with the Frappe team,Pesan sesi orientasi gratis dengan tim GARP
Both Individual and Team Work,Baik Individu maupun Kerja Tim
Branch,Cabang
"Build and manage courses, chapters, and lessons","Bangun dan kelola kursus, bab, dan pelajaran"
Business Owner,Pemilik Bisnis
Buy this course,Beli kursus ini
By,Oleh
CGPA/4,CGPA/4
Cancel,Batalkan
Cancelled,Dibatalkan
Career Preference Details,Detail Preferensi Karir
Casual Wear,Pakaian Santai
Category,Kategori
Category Name,Nama Kategori
Category added successfully,Kategori berhasil ditambahkan
Category created successfully,Kategori berhasil dibuat
Category deleted successfully,Kategori berhasil dihapus
Category updated successfully,Kategori berhasil diperbarui
Certificate,Sertifikat
Certificate Email Template,Templat Email Sertifikat
Certificate Link,Tautan Sertifikat
Certificate of Completion,Sertifikat Penyelesaian
Certificate saved successfully,Sertifikat berhasil disimpan
Certificates,Sertifikat
Certificates generated successfully,Sertifikat berhasil dibuat
Certification,Sertifikasi
Certification Details,Detail Sertifikasi
Certification Name,Nama Sertifikasi
Certification cannot be issued as the member has not completed the course.,Sertifikasi tidak dapat diterbitkan karena anggota belum menyelesaikan kursus.
Certification cannot be issued as the member is not enrolled in this batch.,Sertifikasi tidak dapat diterbitkan karena anggota tidak terdaftar dalam angkatan ini.
Certification cannot be issued as the member is not enrolled in this course.,Sertifikasi tidak dapat diterbitkan karena anggota tidak terdaftar dalam kursus ini.
Certification is not enabled for this course.,Sertifikasi tidak diaktifkan untuk kursus ini.
Certifications,Sertifikasi
Certified,Bersertifikat
Certified Members,Anggota Bersertifikat
Certified Participants,Peserta Bersertifikat
Change,Perubahan
Changes saved successfully,Perubahan berhasil disimpan
Chapter,Bab
Chapter Reference,Referensi Bab
Chapter added successfully,Bab berhasil ditambahkan
Chapter deleted successfully,Bab berhasil dihapus
Chapter moved successfully,Bab berhasil dipindahkan
Chapter updated successfully,Bab berhasil diperbarui
Chapters,bab
Charge a fee for batch enrollment.,Membebankan biaya untuk pendaftaran batch.
Charge a fee for course access.,Membebankan biaya untuk akses kursus.
Charge a fee for the certificate.,Membebankan biaya untuk sertifikat.
Check,Memeriksa
Check All Submissions,Periksa Semua Kiriman
Check Discussion,Periksa Diskusi
Check Submission,Periksa Penyerahan
Check Submissions,Periksa Kiriman
Checkout Courses,Kursus Pembayaran
Checkout the batch,Periksa kumpulannya
Checkout the course,Lihat kursusnya
Choices,Pilihan
Choose all answers that apply,Pilih semua jawaban yang sesuai
Choose an existing question,Pilih pertanyaan yang ada
Choose an icon,Pilih ikon
Choose one answer,Pilih satu jawaban
City,Kota
Class:,Kelas:
Clear,Bersih
Clearly Defined Role,Peran yang Didefinisikan dengan Jelas
Click here,klik disini
Client ID,ID Klien
Client Secret,Rahasia Klien
Close,Tutup
Closed,Tertutup
Cloud,Awan
Code,Kode
Collaboration Preference,Preferensi Kolaborasi
Collapse,Jatuh
College Name,Nama Perguruan Tinggi
Color,Warna
Comma separated keywords,Kata kunci yang dipisahkan koma
Comma separated keywords for SEO,Kata kunci yang dipisahkan koma untuk SEO
Comments,Komentar
Comments by Evaluator,Komentar oleh Evaluator
Common keywords that will be used for all pages,Kata kunci umum yang akan digunakan untuk semua halaman
Community,Masyarakat
Company,Perusahaan
Company Details,Detail Perusahaan
Company Email Address,Alamat Email Perusahaan
Company Logo,Logo Perusahaan
Company Name,Nama perusahaan
Company Type,Jenis Perusahaan
Company Website,Situs Web Perusahaan
Compiler Message,Pesan Kompiler
Complete,Lengkap
Complete Sign Up,Selesaikan Pendaftaran
Complete Your Enrollment,Selesaikan Pendaftaran Anda
Complete Your Enrollment - Don't miss out!,Selesaikan Pendaftaran Anda - Jangan sampai ketinggalan!
Complete your profile,Lengkapi profil Anda
Completed,Selesai
Completion Certificate,Sertifikat Penyelesaian
Condition,Kondisi
Condition must be in valid JSON format.,Kondisi harus dalam format JSON yang valid.
Condition must be valid python code.,Syaratnya harus berupa kode python yang valid.
Conduct Evaluation,Melakukan Evaluasi
Conferencing,Konferensi
Conferencing Provider,Penyedia Konferensi
Configuration,Konfigurasi
Confirm,Menegaskan
Confirm Cancellation?,Konfirmasi Pembatalan?
Confirm Enrollment,Konfirmasi Pendaftaran
Confirm Your Action,Konfirmasikan Tindakan Anda
Confirm clearing demo data?,Konfirmasikan penghapusan data demo?
Confirm your action to delete,Konfirmasikan tindakan Anda untuk menghapus
Confirmation Email Sent,Email Konfirmasi Terkirim
Confirmation Email Template,Templat Email Konfirmasi
Congratulations on getting certified!,"Selamat, Anda telah mendapatkan sertifikasi!"
Contact Us,Hubungi kami
Contact Us Email,Hubungi Kami Email
Contact Us URL,URL Hubungi Kami
Contact the Administrator to enroll for this course,Hubungi Administrator untuk mendaftar kursus ini
Contact the Administrator to enroll for this course.,Hubungi Administrator untuk mendaftar kursus ini.
Content,Isi
Continue Learning,Lanjutkan Belajar
Contract,Kontrak
Corporate Organization,Organisasi Perusahaan
Correct,Benar
Correct Answer,Jawaban yang Benar
Country,Negara
Coupon,Kupon
Coupon Code,Kode Kupon
Coupon Details,Detail Kupon
Coupon created successfully,Kupon berhasil dibuat
Coupon deleted successfully,Kupon berhasil dihapus
Coupon(s) deleted successfully,Kupon berhasil dihapus
Course,Kursus
Course Chapter,Bab Kursus
Course Completed,Kursus Selesai
Course Completions,Penyelesaian Kursus
Course Count,Jumlah Kursus
Course Data,Data Kursus
Course Description,Deskripsi Kursus
Course Enrollment,Pendaftaran Kursus
Course Enrollments,Pendaftaran Kursus
Course Evaluator,Penilai Kursus
Course Image,Gambar Kursus
Course Instructor,Instruktur Kursus
Course Lesson,Pelajaran Kursus
Course List,Daftar Kursus
Course Name,Nama Kursus
Course Outline,Garis Besar Kursus
Course Progress,Kemajuan Kursus
Course Progress Summary,Ringkasan Kemajuan Kursus
Course Settings,Pengaturan Kursus
Course Stats,Statistik Kursus
Course Title,Judul Kursus
Course added to batch successfully,Kursus berhasil ditambahkan ke batch
Course already added to program,Kursus sudah ditambahkan ke program
Course created successfully,Kursus berhasil dibuat
Course deleted successfully,Kursus berhasil dihapus
Course or Batch is required to issue a certificate.,Kursus atau Batch diperlukan untuk menerbitkan sertifikat.
Course updated successfully,Kursus berhasil diperbarui
Courses,Kursus
Courses Completed,Kursus Selesai
Courses deleted successfully,Kursus berhasil dihapus
Courses in this Program,Kursus dalam Program ini
Courses must be completed in order. You can only start the next course after completing the previous one.,Kursus harus diselesaikan secara berurutan. Anda hanya dapat memulai kursus berikutnya setelah menyelesaikan kursus sebelumnya.
Cover Image,Gambar Sampul
Create,Buat
Create Certificate,Buat Sertifikat
Create Course,Buat Kursus
Create Lesson,Buat Pelajaran
Create New,Buat New
Create Program,Buat Program
Create Programming Exercise,Buat Latihan Pemrograman
Create a Course,Buat Kursus
Create a Live Class,Buat Kelas Langsung
Create a Quiz,Buat Kuis
Create a batch,Buat kumpulan
Create a course,Buat kursus
Create a live class,Buat kelas langsung
Create a new Badge,Buat Lencana baru
Create an Assignment,Buat Tugas
Create your first batch,Buat batch pertama Anda
Create your first quiz,Buat kuis pertama Anda
Created,Dibuat
Creating a batch,Membuat kumpulan
Creating a course,Membuat kursus
Currency,Mata uang
Current Lesson,Pelajaran Saat Ini
Curriculum,Kurikulum
Custom Certificate Templates,Templat Sertifikat Khusus
Custom HTML,HTML khusus
Custom Script (JavaScript),Skrip Khusus (JavaScript)
Custom Signup Content,Konten Pendaftaran Khusus
Cyan,Cyan
Dashboard,Dasbor
Data Import,Impor data
Date,Tanggal
Date:,Tanggal:
Day,Hari
Dear,Kepada Yth.
Dear ,Sayang
Deduct marks for incorrect answers.,Kurangi nilai untuk jawaban yang salah.
Default Currency,Mata Uang Default
Delete,Hapus
Delete Chapter,Hapus Bab
Delete Course,Hapus Kursus
Delete Program,Hapus Program
Delete this chapter?,Hapus bab ini?
Delete this coupon?,Hapus kupon ini?
Delete this lesson?,Hapus pelajaran ini?
Deleting the course will also delete all its chapters and lessons. Are you sure you want to delete this course?,Menghapus kursus juga akan menghapus semua bab dan pelajarannya. Apakah Anda yakin ingin menghapus kursus ini?
"Deleting these exercises will permanently remove them from the system, along with all associated submissions. This action is irreversible. Are you sure you want to proceed?","Menghapus latihan ini akan menghapus latihan tersebut secara permanen dari sistem, beserta semua kiriman terkait. Tindakan ini tidak dapat diubah. Apakah Anda yakin ingin melanjutkan?"
"Deleting this batch will also delete all its data including enrolled students, linked courses, assessments, feedback and discussions. Are you sure you want to continue?","Menghapus batch ini juga akan menghapus semua datanya termasuk siswa yang terdaftar, kursus terkait, penilaian, umpan balik, dan diskusi. Apakah Anda yakin ingin melanjutkan?"
Deleting this chapter will also delete all its lessons and permanently remove it from the course. This action cannot be undone. Are you sure you want to continue?,Menghapus bab ini juga akan menghapus semua pelajarannya dan menghapusnya secara permanen dari kursus. Tindakan ini tidak dapat dibatalkan. Apakah Anda yakin ingin melanjutkan?
Deleting this lesson will permanently remove it from the course. This action cannot be undone. Are you sure you want to continue?,Menghapus pelajaran ini akan menghapusnya secara permanen dari kursus. Tindakan ini tidak dapat dibatalkan. Apakah Anda yakin ingin melanjutkan?
Demo Data Present,Data Demo Ada
Demo data cleared successfully,Data demo berhasil dihapus
Description,Deskripsi
Desk,Meja
Details,Penjelasan
Details cannot be empty.,Detail tidak boleh kosong.
Disable PWA,Nonaktifkan PWA
Disable Self Learning,Nonaktifkan Pembelajaran Mandiri
Disable Signup,Nonaktifkan Pendaftaran
Disabled,Dinonaktifkan
Discard,Membuang
Discount,Diskon
Discount Amount,Jumlah Diskon
Discount Percentage,Persentase Diskon
Discount Type,Jenis Diskon
Discussions,Diskusi
Display correct answers after each question is attempted.,Tampilkan jawaban yang benar setelah setiap pertanyaan dicoba.
"Do not refresh the page or close this window. If you do, the quiz will be submitted automatically.","Jangan segarkan halaman atau tutup jendela ini. Jika ya, kuis akan dikirimkan secara otomatis."
Document,Dokumen
Document Name,Dokumen Nama
Document Type,Jenis Dokumen
Dream Companies,Perusahaan Impian
Duration,Lamanya
Duration (in minutes),Durasi (dalam menit)
Each user can only receive this badge one time.,Setiap pengguna hanya dapat menerima lencana ini satu kali.
Edit,Sunting
Edit Assignment,Sunting Tugas
Edit Badge,Sunting Lencana
Edit Badge Assignment,Edit Penetapan Lencana
Edit Chapter,Sunting Bab
Edit Coupon,Sunting Kupon
Edit Email Template,Edit Templat Email
Edit Google Meet Account,Edit Akun Google Meet
Edit Lesson,Sunting Pelajaran
Edit Payment Gateway,Edit Gerbang Pembayaran
Edit Profile,Sunting Profil
Edit Program,Sunting Program
Edit Question,Sunting Pertanyaan
Edit Zoom Account,Edit Akun Zoom
Education,Pendidikan
Education Detail,Detil Pendidikan
Education Details,Detail Pendidikan
Email,Surel
Email ID,ID email
Email Sent,Email Terkirim
Email Template created successfully,Template Email berhasil dibuat
Email Template updated successfully,Template Email berhasil diperbarui
Email Templates,Templat Email
Email Templates deleted successfully,Template Email berhasil dihapus
Email is required,Email diperlukan
Email sent successfully,Email berhasil dikirim
Emails,email
Employee,Karyawan
Enable,Memungkinkan
Enable Google API in Google Settings to send calendar invites for evaluations.,Aktifkan Google API di Pengaturan Google untuk mengirim undangan kalender untuk evaluasi.
Enable Negative Marking,Aktifkan Penandaan Negatif
Enable evaluations for batch participants.,Aktifkan evaluasi untuk peserta batch.
Enable this only if you want to upload a SCORM package as a chapter.,Aktifkan ini hanya jika Anda ingin mengunggah paket SCORM sebagai sebuah bab.
Enabled,Diaktifkan
Enabling this will publish the certificate on the certified participants page.,Mengaktifkan ini akan mempublikasikan sertifikat di halaman peserta bersertifikat.
End Date,Tanggal Berakhir
End Date (or expected),Tanggal Berakhir (atau diharapkan)
End Time,Waktu Selesai
Ended,Berakhir
Enforce Course Order,Menegakkan Perintah Kursus
Enroll,Mendaftar
Enroll Now,Daftar Sekarang
Enroll a Student,Daftarkan Siswa
Enrolled,Terdaftar
Enrolled On,Terdaftar Aktif
Enrolled Students,Siswa yang Terdaftar
Enrollment Confirmation Email Template,Templat Email Konfirmasi Pendaftaran
Enrollment Count,Jumlah Pendaftaran
Enrollment from Batch,Pendaftaran dari Batch
Enrollment in this batch is restricted. Please contact the Administrator.,Pendaftaran pada gelombang ini dibatasi. Silakan hubungi Administrator.
Enrollments,Pendaftaran
Enter Client Id and Client Secret in Google Settings to send calendar invites for evaluations.,Masukkan Id Klien dan Rahasia Klien di Pengaturan Google untuk mengirim undangan kalender untuk evaluasi.
Enter a Coupon Code,Masukkan Kode Kupon
Enter a URL,Masukkan URL
Enter email subject,Masukkan subjek email
Enter reply to email,Masukkan balasan ke email
Error Uploading File,Kesalahan Mengunggah File
Error creating Google Meet Account,Terjadi kesalahan saat membuat Akun Google Meet
Error creating Zoom Account,Kesalahan saat membuat Akun Zoom
Error creating badge,Terjadi kesalahan saat membuat lencana
Error creating email template,Terjadi kesalahan saat membuat templat email
Error deleting Google Meet Account,Terjadi error saat menghapus Akun Google Meet
Error deleting badge,Terjadi kesalahan saat menghapus lencana
Error deleting email templates,Terjadi kesalahan saat menghapus templat email
Error deleting payment gateways,Terjadi kesalahan saat menghapus gateway pembayaran
Error updating Google Meet Account,Terjadi error saat memperbarui Akun Google Meet
Error updating Zoom Account,Kesalahan saat memperbarui Akun Zoom
Error updating email template,Terjadi kesalahan saat memperbarui templat email
Evaluation,Evaluasi
Evaluation Details,Detail Evaluasi
Evaluation End Date,Tanggal Berakhir Evaluasi
Evaluation Request,Permintaan Evaluasi
Evaluation cancelled successfully,Evaluasi berhasil dibatalkan
Evaluation end date cannot be less than the batch end date.,Tanggal akhir evaluasi tidak boleh kurang dari tanggal akhir batch.
Evaluation saved successfully,Evaluasi berhasil disimpan
Evaluator,Penilai
Evaluator Name,Nama Penilai
Evaluator Schedule,Jadwal Penilai
Evaluator added successfully,Evaluator berhasil ditambahkan
Evaluator deleted successfully,Evaluator berhasil dihapus
Evaluator is required for paid certificates.,Evaluator diperlukan untuk sertifikat berbayar.
Event,Acara
Example: IST (+5:30),Contoh: IST (+5:30)
Exercise,Latihan
Exercise Title,Judul Latihan
Exercise deleted successfully,Latihan berhasil dihapus
Existing User,Pengguna yang Ada
Expand,Memperluas
Expected Output,Keluaran yang Diharapkan
Expiration Date,Kedaluwarsa
Expires On,Kedaluwarsa Aktif
Expiry Date,Tanggal Kedaluwarsa
Expiry date cannot be in the past,Tanggal kadaluwarsa tidak boleh lewat
Explanation,Penjelasan
Explanation ,Penjelasan
Explore More,Jelajahi Lebih Lanjut
Fail,Gagal
Failed,Gagal
Failed to assign badge,Gagal menetapkan lencana
Failed to create badge assignment: ,Gagal membuat penetapan lencana:
Failed to refresh session,Gagal menyegarkan sesi
Failed to send email,Gagal mengirim email
Failed to update badge assignment: ,Gagal memperbarui penetapan lencana:
Featured,Unggulan
Feedback,Masukan
Feel free to make edits to your submission if needed.,Jangan ragu untuk mengedit kiriman Anda jika diperlukan.
Field To Check,Bidang Untuk Diperiksa
Field of Major/Study,Bidang Jurusan/Studi
File Type,Tipe file
Filter assignments by course,Filter tugas berdasarkan kursus
Filter by Billing Name,Filter berdasarkan Nama Penagihan
Filter by Exercise,Filter berdasarkan Latihan
Filter by Member,Filter berdasarkan Anggota
Filter by Status,Saring berdasarkan Status
First Name,Nama Depan
Fixed 9-5,Memperbaiki 9-5
Fixed Amount,Jumlah Tetap
Fixed Amount Discount,Diskon Jumlah Tetap
Flexible Time,Waktu Fleksibel
Formal Wear,Pakaian Resmi
Frappe Learning,LMS
Free,Bebas
Freelance,Bekerja lepas
Freelancer/Just looking,Freelancer/Hanya melihat
French (e.g. Distinction),Perancis (misalnya Distinction)
Friday,Jumat
From,Dari
From ,Dari 
From Date,Dari Tanggal
Full Name,Nama Lengkap
Full Time,Penuh Waktu
Function,Fungsi
GST Amount,Jumlah GST
GST Number,Nomor GST
GSTIN,GSTIN
Gateway,Gerbang
General,Umum
Generate Certificates,Hasilkan Sertifikat
Generate Google Meet Link,Buat Tautan Google Meet
Get Certificate,Dapatkan Sertifikat
Get Certified,Dapatkan Sertifikasi
Get Started,Memulai
Get the app on your device for easy access & a better experience!,Dapatkan aplikasinya di perangkat Anda untuk akses mudah & pengalaman yang lebih baik!
Get the app on your iPhone for easy access & a better experience,Dapatkan aplikasinya di iPhone Anda untuk akses mudah & pengalaman yang lebih baik
GitHub ID,ID GitHub
Github ID,ID Github
Go,Pergi
Google Calendar,Kalender Google
Google Meet,Google bertemu
Google Meet Account,Akun Google Meet
Google Meet Account created successfully,Akun Google Meet berhasil dibuat
Google Meet Account deleted successfully,Akun Google Meet berhasil dihapus
Google Meet Account updated successfully,Akun Google Meet berhasil diperbarui
Google Meet Link,Tautan Google Meet
Grade,Nilai
Grade Assignment,Penugasan Kelas
Grade Type,Tipe Kelas
Grading,Penilaian
Grant Only Once,Berikan Hanya Sekali
Grant only once,Berikan hanya sekali
Gray,Abu-abu
Green,Hijau
Have an account? Login,Punya akun? Masuk
Headline,Judul
Hello,Halo
Hello Learner,Halo Pelajar
Help,Bantuan
Help others learn something new by creating a course.,Bantu orang lain mempelajari sesuatu yang baru dengan membuat kursus.
Help us improve by providing your feedback.,Bantu kami meningkatkan dengan memberikan masukan Anda.
Help us understand your needs,Bantu kami memahami kebutuhan Anda
Here are the details:,Berikut rinciannya:
Hey,Hai
"Hey,","Hai,"
Hi,Hai
"Hi,","Hai,"
Hide my Private Information from others,Sembunyikan Informasi Pribadi saya dari orang lain
Highlight,Menyorot
Highlight the course on the homepage.,Sorot kursus di beranda.
Highlight what makes you unique and show your skills.,Soroti apa yang membuat Anda unik dan tunjukkan keahlian Anda.
Highlighted Text,Teks yang Disorot
Hiring,Mempekerjakan
Home,Rumah
Host,Tuan rumah
Hybrid,Hibrida
I am currently working here,Saat ini saya sedang bekerja di sini
I am unavailable,Saya tidak bisa hadir
I consent to my personal information being stored for invoicing,Saya menyetujui informasi pribadi saya disimpan untuk pembuatan faktur
ID,PENGENAL
Icon,Ikon
Identify User Category,Identifikasi Kategori Pengguna
"If enabled, the lesson will also be accessible to users who are not enrolled in the course.","Jika diaktifkan, pelajaran juga akan dapat diakses oleh pengguna yang tidak terdaftar dalam kursus tersebut."
If you are not any more interested to mentor the course,Jika Anda tidak lagi tertarik untuk membimbing kursus tersebut
"If you fail to do so, the quiz will be automatically submitted when the timer ends.","Jika Anda gagal melakukannya, kuis akan dikirimkan secara otomatis saat penghitung waktu berakhir."
"If you have any questions or need assistance, feel free to reach out to our support team.","Jika Anda memiliki pertanyaan atau memerlukan bantuan, jangan ragu untuk menghubungi tim dukungan kami."
"If you have any questions or require assistance, feel free to contact us.","Jika Anda memiliki pertanyaan atau memerlukan bantuan, jangan ragu untuk menghubungi kami."
"If you set an amount here, then the USD equivalent setting will not get applied.","Jika Anda menetapkan jumlah di sini, maka pengaturan setara USD tidak akan diterapkan."
If you want open ended questions then make sure each question in the quiz is of open ended type.,Jika Anda menginginkan pertanyaan terbuka maka pastikan setiap pertanyaan dalam kuis berjenis terbuka.
Image,Gambar
Image search powered by,Pencarian gambar didukung oleh
Image: Corrupted Data Stream,Gambar: Aliran Data Rusak
Import,Impor
Import Batch,Impor Batch
Import Course,Kursus Impor
In Progress,Sedang berlangsung
In-app,Dalam aplikasi
Include In Preview,Sertakan Dalam Pratinjau
Include in Preview,Sertakan dalam Pratinjau
Incomplete,Tidak lengkap
Incorrect,Salah
Individual Work,Pekerjaan Individu
Industry,Industri
Input,Masukan
Install,Memasang
Install Frappe Learning,Instal LMS
Institution Name,Nama Institusi
Instructor,Pengajar
Instructor Content,Konten Instruktur
Instructor Notes,Catatan Instruktur
Instructor Notes are private notes that only instructors can see. They can be used to provide additional context or guidance for the lesson.,Catatan Instruktur adalah catatan pribadi yang hanya dapat dilihat oleh instruktur. Mereka dapat digunakan untuk memberikan konteks atau panduan tambahan untuk pelajaran.
Instructors,Instruktur
Instructors Comments,Komentar Instruktur
Interest,Minat
Introduction,Perkenalan
Invalid Quiz ID,ID Kuis tidak valid
Invalid Quiz ID in content,ID Kuis tidak valid dalam konten
Invalid document name,Nama dokumen tidak valid
Invite your team and students,Undang tim dan siswa Anda
Is Correct,Benar
Is SCORM Chapter,Apakah Bab SCORM
Is SCORM Package,Adalah Paket SCORM
Issue Date,Tanggal Penerbitan
Issue a Certificate,Menerbitkan Sertifikat
Issue a certificate on course completion.,Menerbitkan sertifikat penyelesaian kursus.
Issue certificates to batch participants.,Menerbitkan sertifikat kepada peserta batch.
Issued On,Dikeluarkan Pada
Issued on,Dikeluarkan pada
Items in Sidebar,Item di Sidebar
Jane Doe,Jane Doe
JavaScript,JavaScript
Job,Pekerjaan
Job Details,Detail Pekerjaan
Job Openings,Lowongan Kerja
Job Opportunity,Peluang Kerja
Job Title,Judul Pekerjaan
Jobs,Pekerjaan
Join,Bergabung
Join Call,Gabung Panggilan
Join Meeting,Bergabunglah dalam Rapat
Join URL,Gabung URL
Joined At,Bergabung Pada
Joined at,Bergabung di
Jump to,Lompat ke
"Keep going,","Terus berlanjut,"
LMS Assessment,Penilaian LMS
LMS Assignment,Penugasan LMS
LMS Assignment Submission,Penyerahan Penugasan LMS
LMS Badge,Lencana LMS
LMS Badge Assignment,Penetapan Lencana LMS
LMS Batch,Gelombang LMS
LMS Batch Enrollment,Pendaftaran Gelombang LMS
LMS Batch Feedback,Umpan Balik Kelompok LMS
LMS Batch Timetable,Jadwal Batch LMS
LMS Category,Kategori LMS
LMS Certificate,Sertifikat LMS
LMS Certificate Evaluation,Evaluasi Sertifikat LMS
LMS Certificate Request,Permintaan Sertifikat LMS
LMS Coupon,Kupon LMS
LMS Coupon Item,Item Kupon LMS
LMS Course,Kursus LMS
LMS Course Interest,Minat Kursus LMS
LMS Course Mentor Mapping,Pemetaan Mentor Kursus LMS
LMS Course Progress,Kemajuan Kursus LMS
LMS Course Review,Tinjauan Kursus LMS
LMS Enrollment,Pendaftaran LMS
LMS Job Application,Lamaran Pekerjaan LMS
LMS Lesson Note,Catatan Pelajaran LMS
LMS Live Class,Kelas Langsung LMS
LMS Live Class Participant,Peserta Kelas Langsung LMS
LMS Option,Opsi LMS
LMS Program,Program LMS
LMS Program Course,Kursus Program LMS
LMS Program Member,Anggota Program LMS
LMS Programming Exercise,Latihan Pemrograman LMS
LMS Programming Exercise Submission,Penyerahan Latihan Pemrograman LMS
LMS Question,Pertanyaan LMS
LMS Quiz,Kuis LMS
LMS Quiz Question,Pertanyaan Kuis LMS
LMS Quiz Result,Hasil Kuis LMS
LMS Quiz Submission,Pengiriman Kuis LMS
LMS Settings,Pengaturan LMS
LMS Sidebar Item,Item Bilah Sisi LMS
LMS Source,Sumber LMS
LMS Student,Mahasiswa LMS
LMS Test Case,Kasus Uji LMS
LMS Test Case Submission,Pengajuan Kasus Uji LMS
LMS Timetable Legend,Legenda Jadwal LMS
LMS Timetable Template,Templat Jadwal LMS
LMS Video Watch Duration,Durasi Tontonan Video LMS
LMS Zoom Settings,Pengaturan Zoom LMS
Label,Label
Language,Bahasa
Last Name,Nama Belakang
Launch File,Luncurkan Berkas
Learning,Sedang belajar
Learning Consistency,Konsistensi Pembelajaran
Learning Paths,Jalur Pembelajaran
Left At,Kiri Pada
Left at,Kiri di
Lesson,Pelajaran
Lesson Completion,Penyelesaian Pelajaran
Lesson Index,Indeks Pelajaran
Lesson Progress,Kemajuan Pelajaran
Lesson Reference,Referensi Pelajaran
Lesson Title,Judul Pelajaran
Lesson created successfully,Pelajaran berhasil dibuat
Lesson deleted successfully,Pelajaran berhasil dihapus
Lesson moved successfully,Pelajaran dipindahkan dengan sukses
Lesson updated successfully,Pelajaran berhasil diperbarui
Lessons,Pelajaran
Lessons Completed,Pelajaran Selesai
Lets start setting up your content on the LMS so that you can reclaim time and focus on growth.,Mari mulai menyiapkan konten Anda di LMS sehingga Anda dapat memperoleh kembali waktu dan fokus pada pertumbuhan.
"Letter Grade (e.g. A, B-)","Nilai Huruf (misalnya A, B-)"
Limit Questions To,Batasi Pertanyaan Pada
Limit cannot be greater than or equal to the number of questions in the quiz.,Batasan tidak boleh lebih besar atau sama dengan jumlah pertanyaan dalam kuis.
LinkedIn,LinkedIn
LinkedIn ID,ID LinkedIn
Live,Hidup
Live Class,Kelas Langsung
LiveCode URL,URL Kode Langsung
Load More,Muat lebih banyak
Local,[Daerah
Location,Lokasi
Location Preference,Preferensi Lokasi
Login,Masuk
Login to Frappe Cloud?,Masuk ke GARP Cloud?
Login to apply,Masuk untuk melamar
Longest Streak,Garis Terpanjang
Looking for new work or hiring talent?,Mencari pekerjaan baru atau merekrut talenta?
Looking forward to seeing you enrolled!,Kami menantikan untuk melihat Anda mendaftar!
Make LMS the default home,Jadikan LMS sebagai rumah default
Make an Announcement,Buat Pengumuman
Make notes for quick revision. Press / for menu.,Buat catatan untuk revisi cepat. Tekan / untuk menu.
Make the batch visible to all users.,Jadikan batch terlihat oleh semua pengguna.
Make the course visible to all users.,Jadikan kursus dapat dilihat oleh semua pengguna.
Make this certificate visible to the participant.,Jadikan sertifikat ini terlihat oleh peserta.
"Manage batches, review and grade submissions","Kelola batch, tinjau, dan nilai kiriman"
Manage your courses and batches at a glance,Kelola kursus dan batch Anda secara sekilas
Manager (Sales/Marketing/Customer),Manajer (Penjualan/Pemasaran/Pelanggan)
Manifest File,File Manifes
Manual Assignment,Penugasan Manual
Mark,Tanda
Mark all as read,Tandai semua sebagai telah dibaca
Mark for review,Tandai untuk ditinjau
Mark the course as upcoming but not yet open for enrollment.,Tandai kursus sebagai yang akan datang tetapi belum dibuka untuk pendaftaran.
Mark the payment as received.,Tandai pembayaran sebagai diterima.
Mark this option as a correct answer.,Tandai pilihan ini sebagai jawaban yang benar.
Marks,Tanda
Marks To Cut,Tanda Untuk Dipotong
Marks out of,Menandai keluar
Marks to Deduct,Tanda untuk Dikurangi
Max Attempts,Upaya Maks
Maximum Attempts,Upaya Maksimal
Medium,Sedang
Medium ID,ID sedang
Medium:,Sedang:
Meeting ID,ID Rapat
Member,Anggota
Member Consent,Persetujuan Anggota
Member Count,Jumlah Anggota
Member Image,Gambar Anggota
Member Name,Nama Anggota
Member Type,Tipe Anggota
Member Username,Nama Pengguna Anggota
Member added successfully,Anggota berhasil ditambahkan
Member added to program successfully,Anggota berhasil ditambahkan ke program
Member already added to program,Anggota sudah ditambahkan ke program
Member already enrolled in this batch,Anggota sudah terdaftar dalam angkatan ini
Members,Anggota
Mentor,Mentor
Mentor Name,Nama Mentor
Mentor Request,Permintaan Mentor
Mentor Request Creation Template,Templat Pembuatan Permintaan Mentor
Mentor Request Status Update Template,Templat Pembaruan Status Permintaan Mentor
Message,Pesan
Message is required,Pesan diperlukan
Meta Description,Deskripsi meta
Meta Image,Gambar Meta
Meta Keywords,Kata Kunci Meta
Meta Tags,Tag Meta
Meta tags should be a list.,Tag meta harus berupa daftar.
Milestone,Batu
Minimum two options are required for multiple choice questions.,Minimal dua opsi diperlukan untuk pertanyaan pilihan ganda.
Moderator,Moderator
Modified,Dimodifikasi
Modified By,Dimodifikasi Oleh
Module Name is incorrect or does not exist.,Nama Modul salah atau tidak ada.
Module is incorrect.,Modul salah.
Monday,Senin
Monetization,Monetisasi
More,Lanjut
Multiple Correct Answers,Beberapa Jawaban Benar
My Batches,Batch saya
My Courses,Kursus Saya
My Notes,Catatan saya
My Profile,Profil Saya
My availability,ketersediaan saya
My calendar,Kalender saya
Name,Nama
New,Baru
New Batch,Angkatan Baru
New Coupon,Kupon Baru
New Course,Kursus Baru
New Email Template,Templat Email Baru
New Evaluator,Penilai Baru
New Google Meet Account,Akun Google Meet baru
New Job,Pekerjaan Baru
New Job Applicant,Pelamar Kerja Baru
New Lesson,Pelajaran Baru
New Payment Gateway,Gerbang Pembayaran Baru
New Question,Pertanyaan Baru
New Sign Up,Pendaftaran Baru
New Zoom Account,Akun Zoom Baru
Next,Lanjut
No Assessments,Tidak Ada Penilaian
No Assignments,Tidak Ada Tugas
No Notifications,Tidak Ada Pemberitahuan
No Quiz submissions found,Tidak ada kiriman Kuis yang ditemukan
No Recording,Tidak Ada Rekaman
No Submissions,Tidak Ada Kiriman
No Upcoming Evaluations,Tidak Ada Evaluasi Mendatang
No announcements have been made yet for this batch,Belum ada pengumuman yang dibuat untuk batch ini
No assessments added to this batch,Tidak ada penilaian yang ditambahkan ke kumpulan ini
No calendar is configured for the conferencing provider. Please set up a calendar to create events.,Tidak ada kalender yang dikonfigurasi untuk penyedia konferensi. Silakan siapkan kalender untuk membuat acara.
No certificates,Tidak ada sertifikat
No coupons created yet.,Belum ada kupon yang dibuat.
No coupons selected for deletion,Tidak ada kupon yang dipilih untuk dihapus
No courses added to this batch,Tidak ada kursus yang ditambahkan ke kumpulan ini
No courses added yet.,Belum ada kursus yang ditambahkan.
No courses created,Tidak ada kursus yang dibuat
No courses under review,Tidak ada kursus yang sedang ditinjau
No feedback received yet.,Belum ada masukan yang diterima.
No introduction,Tidak ada perkenalan
No live classes scheduled,Tidak ada kelas langsung yang dijadwalkan
No members added yet.,Belum ada anggota yang ditambahkan.
No members found.,Tidak ada anggota yang ditemukan.
No programs found in this category.,Tidak ada program yang ditemukan dalam kategori ini.
No questions added yet,Belum ada pertanyaan yang ditambahkan
No quizzes added yet.,Belum ada kuis yang ditambahkan.
No results found,Hasil tidak ditemukan
No slots available for the selected course.,Tidak ada slot tersedia untuk kursus yang dipilih.
No statistics available for this video.,Tidak ada statistik yang tersedia untuk video ini.
No students in this batch,Tidak ada siswa di angkatan ini
No submissions,Tidak ada kiriman
Not Allowed,Tidak Diizinkan
Not Applicable,Tidak Berlaku
Not Attempted,Tidak Dicoba
Not Available for Preview,Tidak Tersedia untuk Pratinjau
Not Graded,Tidak Dinilai
Not Permitted,Tidak Diijinkan
Not Saved,Tidak Disimpan
Note,Catatan
Notes,Catatan
Nothing to see here.,Tidak ada yang bisa dilihat di sini.
Notification Sent,Pemberitahuan Terkirim
Notifications,Pemberitahuan
Notify me when available,Beritahu saya bila tersedia
Number of Students,Jumlah Siswa
Number of seats available,Jumlah kursi yang tersedia
OAuth Client ID,ID Klien OAuth
Office close to Home,Kantor dekat dengan Rumah
Offline,Luring
On site,Di lokasi
On-site,Di tempat
"Once again, congratulations on this significant accomplishment.","Sekali lagi, selamat atas pencapaian yang signifikan ini."
"Once the moderator grades your submission, you'll find the details here.","Setelah moderator menilai kiriman Anda, Anda akan menemukan detailnya di sini."
Online,On line
Only PDF files are allowed.,Hanya file PDF yang diperbolehkan.
Only document file of type .doc or .docx are allowed.,Hanya file dokumen bertipe .doc atau .docx yang diperbolehkan.
Only show assignments from the current course,Hanya tampilkan tugas dari mata kuliah saat ini
Only show batches that offer a certificate,Hanya tampilkan kumpulan yang menawarkan sertifikat
Only show courses that offer a certificate,Hanya tampilkan kursus yang menawarkan sertifikat
Only zip files are allowed,Hanya file zip yang diperbolehkan
Open,Buka
Open Assignment,Buka Tugas
Open Course,Kursus Terbuka
Open Ended,Terbuka Berakhir
Open the ,Buka
Open to,Terbuka untuk
Open to Work,Terbuka untuk Bekerja
Option,Pilihan
Option 1,Pilihan 1
Option 2,Opsi 2
Option 3,Opsi 3
Option 4,Pilihan 4
Options,Pilihan
Orange,Oranye
Order ID,ID Pesanan
Organization,Organisasi
Original Amount,Jumlah Asli
Others,Yang lain
Our Popular Courses,Kursus Populer Kami
Our Upcoming Batches,Batch Mendatang Kami
Output,Keluaran
"Oversee all users, content, and system settings","Awasi semua pengguna, konten, dan pengaturan sistem"
Overview,Ringkasan
Owner,Pemilik
PAN,PANCI
PAN Number,Nomor PAN
PDF,PDF
Page deleted successfully,Halaman berhasil dihapus
Paid Batch,Kelompok Berbayar
Paid Certificate,Sertifikat Berbayar
Paid Certificate after Evaluation,Sertifikat Berbayar setelah Evaluasi
Paid Course,Kursus Berbayar
Part Time,Paruh Waktu
Partially Complete,Selesai Sebagian
Pass,Lulus
Passed,Lulus
Passing Percentage,Persentase Kelulusan
Password,Kata sandi
Paste a YouTube link of a short video introducing the course.,Tempelkan tautan YouTube dari video pendek yang memperkenalkan kursus.
Payment,Pembayaran
Payment Country,Negara Pembayaran
Payment Details,Detail Pembayaran
Payment For Certificate,Pembayaran Untuk Sertifikat
Payment For Document,Pembayaran Untuk Dokumen
Payment For Document Type,Pembayaran Untuk Jenis Dokumen
Payment Gateway,Gerbang Pembayaran
Payment ID,ID Pembayaran
Payment Received,Pembayaran diterima
Payment Reminder Template,Templat Pengingat Pembayaran
Payment Settings,Pengaturan Pembayaran
Payment for ,Pembayaran untuk
Payment for Certificate,Pembayaran Sertifikat
Payment for Document,Pembayaran Dokumen
Payment for Document Type,Pembayaran untuk Jenis Dokumen
Payment gateways deleted successfully,Gerbang pembayaran berhasil dihapus
Payment is required to enroll in this batch.,Pembayaran diperlukan untuk mendaftar dalam batch ini.
Payments app is not installed,Aplikasi pembayaran tidak diinstal
Pending,Tertunda
People,Rakyat
Percentage,Persentase
Percentage (e.g. 70%),Persentase (misalnya 70%)
Percentage Discount,Persentase Diskon
Persona Captured,Persona Ditangkap
Phone Number,Nomor telepon
Pink,Merah Muda
Please ask your administrator to verify your sign-up,Minta administrator untuk memverifikasi Anda sign-up
Please check your email for verification,Silahkan cek email Anda untuk verifikasi
Please click on the following button to set your new password,Silakan klik tombol berikut untuk mengatur kata sandi baru Anda
Please complete the previous course to unlock this one.,Silakan selesaikan kursus sebelumnya untuk membuka kursus ini.
Please enable the Google Meet account to use this feature.,Harap aktifkan akun Google Meet untuk menggunakan fitur ini.
Please enable the zoom account to use this feature.,Harap aktifkan akun zoom untuk menggunakan fitur ini.
Please enroll for this course to view this lesson,Silakan mendaftar kursus ini untuk melihat pelajaran ini
"Please ensure that the billing name you enter is correct, as it will be used on your invoice.",Harap pastikan nama penagihan yang Anda masukkan sudah benar karena akan digunakan pada invoice Anda.
Please enter a coupon code,Silakan masukkan kode kupon
Please enter a title.,Silakan masukkan judul.
Please enter a valid Contact Us Email.,Silakan masukkan Email Hubungi Kami yang valid.
Please enter a valid Contact Us URL.,Silakan masukkan URL Hubungi Kami yang valid.
Please enter a valid URL.,Silakan masukkan URL yang valid.
Please enter a valid time in the format HH:mm.,Silakan masukkan waktu yang valid dalam format HH:mm.
Please enter a valid timestamp,Silakan masukkan stempel waktu yang valid
Please let us know where you heard about us from.,Harap beri tahu kami dari mana Anda mendengar tentang kami.
Please login to access the quiz.,Silakan login untuk mengakses kuis.
Please login to continue with payment.,Silakan login untuk melanjutkan pembayaran.
Please login to view program details.,Silakan login untuk melihat detail program.
Please login to view programs.,Silakan login untuk melihat program.
Please make sure to schedule your evaluation before this date.,Harap pastikan untuk menjadwalkan evaluasi Anda sebelum tanggal ini.
Please prepare well and be on time for the evaluations.,Mohon mempersiapkan diri dengan baik dan tepat waktu untuk evaluasi.
Please provide your consent to proceed with the payment,Harap berikan persetujuan Anda untuk melanjutkan pembayaran
Please provide your consent to proceed with the payment.,Harap berikan persetujuan Anda untuk melanjutkan pembayaran.
Please read the following instructions carefully before starting the quiz,Harap baca instruksi berikut dengan seksama sebelum memulai kuis
Please run the code to execute the test cases.,Silakan jalankan kode untuk menjalankan kasus uji.
Please select a Google Meet account for this batch.,Silakan pilih akun Google Meet untuk batch ini.
Please select a Zoom account for this batch.,Silakan pilih akun Zoom untuk batch ini.
Please select a conferencing provider and add an account to the batch to create live classes.,Silakan pilih penyedia konferensi dan tambahkan akun ke batch untuk membuat kelas langsung.
Please select a course,Silakan pilih kursus
Please select a course to view available slots.,Silakan pilih kursus untuk melihat slot yang tersedia.
Please select a date.,Silakan pilih tanggal.
Please select a duration.,Silakan pilih durasi.
Please select a future date and time.,Silakan pilih tanggal dan waktu yang akan datang.
Please select a member,Silakan pilih anggota
Please select a payment for the purchased certificate.,Silakan pilih pembayaran untuk sertifikat yang dibeli.
Please select a quiz,Silakan pilih kuis
Please select a student to enroll.,Silakan pilih siswa yang akan didaftarkan.
Please select a time.,Silakan pilih waktu.
Please select a timezone.,Silakan pilih zona waktu.
Please select a user,Silakan pilih pengguna
Please select an option,Silakan pilih salah satu opsi
Please upload a SCORM package,Silakan unggah paket SCORM
Point of Score (e.g. 70),Poin Skor (misalnya 70)
Possibilities,Kemungkinan
Possibility,Kemungkinan
Possible Answer 1,Kemungkinan Jawaban 1
Possible Answer 2,Kemungkinan Jawaban 2
Possible Answer 3,Kemungkinan Jawaban 3
Possible Answer 4,Kemungkinan Jawaban 4
Post,Pos
Postal Code,Kode Pos
Powered by Frappe Learning,Didukung oleh LMS
Preferred Function,Fungsi Pilihan
Preferred Functions,Fungsi Pilihan
Preferred Industries,Industri Pilihan
Preferred Industry,Industri Pilihan
Preferred Location,Lokasi Pilihan
Press enter to search,Tekan enter untuk mencari
Prevent Skipping Videos,Cegah Melewatkan Video
Preview Image,Pratinjau Gambar
Preview Video,Pratinjau Video
Previous,Kembali
Pricing,Harga
Pricing and Certification,Penetapan Harga dan Sertifikasi
Primary Countries,Negara Primer
Private Information includes your Grade and Work Environment Preferences,Informasi Pribadi mencakup Preferensi Kelas dan Lingkungan Kerja Anda
Problem Statement,Pernyataan Masalah
Proceed to Payment,Lanjutkan ke Pembayaran
Profession,Profesi
Profile Image,Gambar Profil
Program,Program
Program Courses,Kursus Program
Program Member,Anggota Program
Program Members,Anggota Program
Program created successfully,Program berhasil dibuat
Program deleted successfully,Program berhasil dihapus
Program updated successfully,Program berhasil diperbarui
Programming Exercise,Latihan Pemrograman
Programming Exercise Progress,Kemajuan Latihan Pemrograman
Programming Exercise Submission,Penyerahan Latihan Pemrograman
Programming Exercise Submissions,Pengiriman Latihan Pemrograman
Programming Exercise created successfully,Latihan Pemrograman berhasil dibuat
Programming Exercise deleted successfully,Latihan Pemrograman berhasil dihapus
Programming Exercise updated successfully,Latihan Pemrograman berhasil diperbarui
Programming Exercises,Latihan Pemrograman
Programs,Program
Progress,Kemajuan
Progress (%),Kemajuan (%)
Progress Distribution,Distribusi Kemajuan
Progress Summary,Ringkasan Kemajuan
Progress of students in courses and assessments,Kemajuan siswa dalam kursus dan penilaian
Publish on Participant Page,Publikasikan di Halaman Peserta
Published,Diterbitkan
Published Courses,Kursus yang Diterbitkan
Published On,Diterbitkan Pada
Publishing Settings,Pengaturan Penerbitan
Purchased Certificate,Sertifikat yang Dibeli
Purple,Ungu
Python,ular piton
Question,Pertanyaan
Question Detail,Detil Pertanyaan
Question Name,Nama Pertanyaan
Question added successfully,Pertanyaan berhasil ditambahkan
Question updated successfully,Pertanyaan berhasil diperbarui
Questions,Pertanyaan
Questions deleted successfully,Pertanyaan berhasil dihapus
Questions marked for review,Pertanyaan ditandai untuk ditinjau
Quiz,Kuis
Quiz ID,ID Kuis
Quiz Progress,Kemajuan Kuis
Quiz Submission,Pengiriman Kuis
Quiz Submissions,Pengiriman Kuis
Quiz Summary,Ringkasan Kuis
Quiz Title,Judul Kuis
Quiz created successfully,Kuis berhasil dibuat
Quiz is not available to Guest users. Please login to continue.,Kuis tidak tersedia untuk pengguna Tamu. Silakan masuk untuk melanjutkan.
Quiz updated successfully,Kuis berhasil diperbarui
Quiz will appear at the bottom of the lesson.,Kuis akan muncul di bagian bawah pelajaran.
Quizzes,Kuis
Quizzes deleted successfully,Kuis berhasil dihapus
Quizzes in this video,Kuis dalam video ini
Randomize the order of questions for each attempt.,Acak urutan pertanyaan untuk setiap upaya.
Rating,Peringkat
Rating cannot be 0,Peringkat tidak boleh 0
Red,Merah
Redemption Count,Jumlah Penukaran
Redemptions Count,Jumlah Penukaran
Reference DocName,Referensi Nama Dokumen
Reference DocType,Referensi DocType
Reference Document Type,Jenis Dokumen Referensi
Reference Name,nama referensi
Regards,Salam
Register Now,Daftar Sekarang
Registered but disabled,Terdaftar tapi dinonaktifkan
Related Courses,Kursus Terkait
Remote,Terpencil
Remove,Menghapus
Remove Highlight,Hapus Sorotan
Reply To,Membalas Ke
Reply To is required,Balasan Ke diperlukan
Reply cannot be empty.,Balasan tidak boleh kosong.
Request Invite,Minta Undangan
Request for Mentorship,Permintaan Bimbingan
Result,Hasil
Resume,Lanjut
Resume Video,Lanjutkan Video
Resume where you left off,Lanjutkan dari bagian terakhir yang Anda tinggalkan
Review,Ulasan
Role,Peran
Role Preference,Preferensi Peran
Role updated successfully,Peran berhasil diperbarui
Roles,4.1.2 Roles(Peran)
Route,Rute
Run,Berlari
Running,Berlari
Rust,Karat
SCORM,SCORM
SCORM Content,Konten SCORM
SCORM Package,Paket SCORM
SCORM Package Path,Jalur Paket SCORM
SEO,seo
SVG contains potentially unsafe content.,SVG berisi konten yang berpotensi tidak aman.
Saturday,Sabtu
Save,Simpan
Schedule,Jadwal
Schedule an evaluation to get certified.,Jadwalkan evaluasi untuk mendapatkan sertifikasi.
Schedule your evaluation,Jadwalkan evaluasi Anda
Scheduled Flow,Aliran Terjadwal
Score,Skor
Score Out Of,Skor Keluar Dari
Search,Pencarian
Search by Member,Cari berdasarkan Anggota
Search by Name,Cari berdasarkan Nama
Search by Title,Cari berdasarkan Judul
Search by name,Cari berdasarkan nama
Search by title,Cari berdasarkan judul
Search for ,Cari 
Search for an icon,Cari ikon
Search...,Pencarian...
Seat Count,Jumlah Kursi
Seat Left,Kursi Kiri
Seat count cannot be negative.,Jumlah kursi tidak boleh negatif.
Seats Left,Kursi Tersisa
See all,Lihat semuanya
Select Date,Pilih Tanggal
Select Payment Gateway,Pilih Gerbang Pembayaran
Select User,Pilih Pengguna
Select a Programming Exercise,Pilih Latihan Pemrograman
Select a fallback color for the course card when no image is set.,Pilih warna cadangan untuk kartu kursus jika tidak ada gambar yang disetel.
Select a question,Pilih pertanyaan
Select a quiz,Pilih kuis
Select an Assignment,Pilih Tugas
Select from questions you have already created,Pilih dari pertanyaan yang sudah Anda buat
Send,Kirim
Send Confirmation Email,Kirim Email Konfirmasi
Send Email,Kirim Email
Send Notification for Published Batches,Kirim Pemberitahuan untuk Batch yang Diterbitkan
Send Notification for Published Courses,Kirim Pemberitahuan untuk Kursus yang Diterbitkan
Send Payment Reminders for Batch,Kirim Pengingat Pembayaran untuk Batch
Send Payment Reminders for Course,Kirim Pengingat Pembayaran untuk Kursus
Send calendar invite for evaluations,Kirim undangan kalender untuk evaluasi
Session End Time,Waktu Berakhir Sesi
Session Start Time,Waktu Mulai Sesi
Session refreshed successfully,Sesi berhasil disegarkan
Set Color,Atur Warna
Set your Password,Tetapkan Kata Sandi Anda
Setting up,Menyiapkan
Setting up payment gateway,Menyiapkan gateway pembayaran
Settings,Pengaturan
Share on,Bagikan terus
Short Description,Deskripsi Singkat
Short Introduction,Pengantar Singkat
Short description of the batch,Deskripsi singkat tentang kumpulan tersebut
Show Answer,Tampilkan Jawaban
Show Answers,Tampilkan Jawaban
Show Submission History,Tampilkan Riwayat Pengiriman
Show Tab in Batch,Tampilkan Tab secara Batch
Show USD Equivalent,Tunjukkan Setara USD
Show day view in timetable,Tampilkan tampilan hari dalam jadwal
Show live class,Tampilkan kelas langsung
Shuffle Questions,Pertanyaan Acak
Sidebar,Bilah samping
Sidebar Items,Item Bilah Sisi
Sign Up is disabled,Sign Up dinonaktifkan
Sign up,Daftar
Signup Settings,Pengaturan Pendaftaran
Signups,Pendaftaran
Skill,Ketrampilan
Skill Details,Detail Keterampilan
Skill Name,Nama Keterampilan
Skills,Keterampilan
Skip,Melewatkan
Slot Times are overlapping for some schedules.,Slot Times tumpang tindih untuk beberapa jadwal.
Slot added successfully,Slot berhasil ditambahkan
Slot deleted successfully,Slot berhasil dihapus
Slots,slot
Sold Out,Terjual habis
Sort by,Urutkan berdasarkan
Source,Sumber
Staff,Staf
Start,Mulai
Start Date,Tanggal Mulai
Start Date:,Tanggal Mulai:
Start Learning,Mulai Belajar
Start Time,Waktu Mulai
Start Time cannot be greater than End Time,Waktu Mulai tidak boleh lebih besar dari Waktu Berakhir
Start URL,URL Mulai
Start the Quiz,Mulai Kuis
Startup Organization,Organisasi Permulaan
State/Province,Negara Bagian/Provinsi
Statistics,Statistik
Status,Status
Status/Percentage,Status/Persentase
Status/Score,Status/Skor
Student,Murid
Student Progress,Kemajuan Siswa
Student Reviews,Ulasan Siswa
Student enrolled successfully,Siswa berhasil mendaftar
Student is already enrolled in this course.,Siswa sudah terdaftar dalam kursus ini.
Students,Siswa
Students will be enrolled in a paid batch once they complete the payment,Siswa akan terdaftar dalam kelompok berbayar setelah mereka menyelesaikan pembayaran
Subject,Perihal
Subject is required,Subjek diperlukan
Submission,Penyerahan
Submission Type,Jenis Pengiriman
Submission by,Pengiriman oleh
Submission saved!,Pengiriman disimpan!
Submissions,Kiriman
Submissions deleted successfully,Kiriman berhasil dihapus
Submit,Kirim
Submit Feedback,Kirim Masukan
Submit and Continue,Kirim dan Lanjutkan
"Submit your resume to proceed with your application for this position. Upon submission, it will be shared with the job poster.","Kirimkan resume Anda untuk melanjutkan lamaran Anda untuk posisi ini. Setelah diserahkan, itu akan dibagikan dengan pemasang lowongan."
Successfully enrolled in program,Berhasil terdaftar dalam program
Summary,Ringkasan
Sunday,Minggu
Swatches,contoh
System Manager,Manajer Sistem
Tags,Tag
Tap,Mengetuk
Teal,teal
Team School,Sekolah Tim
Team Work,Kerja Tim
Template,Templat
Temporarily Disabled,Dinonaktifkan Sementara
Test Cases,Kasus Uji
Test Quiz,Tes Kuis
Test this Exercise,Uji Latihan ini
Text,Teks
Thank you for providing your feedback.,Terima kasih telah memberikan tanggapan Anda.
Thanks and Regards,Terima kasih dan Salam
The Google Meet account does not have a Google Calendar configured. Please set up a Google Calendar first.,Akun Google Meet tidak memiliki Google Kalender yang dikonfigurasi. Harap siapkan Google Kalender terlebih dahulu.
The batch does not exist.,Batchnya tidak ada.
The batch you have enrolled for is starting tomorrow. Please be prepared and be on time for the session.,Gelombang yang telah Anda daftarkan akan dimulai besok. Harap bersiap dan datang tepat waktu untuk sesi ini.
The deadline to schedule evaluations has passed. Please contact the Instructor for assistance.,Batas waktu untuk menjadwalkan evaluasi telah berlalu. Silakan hubungi Instruktur untuk bantuan.
The last day to schedule your evaluations is ,Hari terakhir untuk menjadwalkan evaluasi Anda adalah
The lesson does not exist.,Pelajarannya tidak ada.
The selected Google Meet account does not have a Google Calendar configured.,Akun Google Meet yang dipilih tidak memiliki Google Kalender yang dikonfigurasi.
The selected Google Meet account is disabled. Please enable it or select another account.,Akun Google Meet yang dipilih dinonaktifkan. Silakan aktifkan atau pilih akun lain.
The slot is already booked by another participant.,Slot sudah dipesan oleh peserta lain.
The specified batch does not exist.,Batch yang ditentukan tidak ada.
The status of your application has changed.,Status permohonan Anda telah berubah.
There are no chapters in this course. Create and manage chapters from here.,Tidak ada bab dalam kursus ini. Buat dan kelola bab dari sini.
There are no courses currently. Create your first course to get started!,Tidak ada kursus saat ini. Buat kursus pertama Anda untuk memulai!
There are no seats available in this batch.,Tidak ada kursi yang tersedia pada angkatan ini.
There are no submissions for this assignment.,Tidak ada penyerahan untuk tugas ini.
These customisations will work on the main batch page.,Penyesuaian ini akan berfungsi di halaman batch utama.
This badge has not been assigned to any students yet,Lencana ini belum diberikan kepada siswa mana pun
This certificate does no expire,Sertifikat ini tidak memiliki masa berlaku
This class has ended,Kelas ini telah berakhir
This coupon has expired.,Kupon ini telah kedaluwarsa.
This coupon has reached its maximum usage limit.,Kupon ini telah mencapai batas maksimal penggunaan.
This course has:,Kursus ini memiliki:
This course is free.,Kursus ini gratis.
This description will be shown on lists and pages without meta description,Deskripsi ini akan ditampilkan pada daftar dan halaman tanpa deskripsi meta
This image will be shown on lists and pages that don't have an image by default,Gambar ini akan ditampilkan pada daftar dan halaman yang tidak memiliki gambar secara default
This lesson is locked,Pelajaran ini terkunci
This lesson is not available for preview. Please enroll in the course to access it.,Pelajaran ini tidak tersedia untuk pratinjau. Silakan mendaftar di kursus untuk mengaksesnya.
This lesson is not available for preview. Please join the course to access it.,Pelajaran ini tidak tersedia untuk pratinjau. Silakan bergabung dengan kursus untuk mengaksesnya.
This payment is for a certificate.,Pembayaran ini untuk sertifikat.
This site is being updated. You will not be able to make any changes. Full access will be restored shortly.,Situs ini sedang diperbarui. Anda tidak akan dapat melakukan perubahan apa pun. Akses penuh akan segera dipulihkan.
This will permanently delete the coupon and the code will no longer be valid.,Ini akan menghapus kupon secara permanen dan kode tidak lagi valid.
Thursday,Kamis
Time,Waktu
Time Preference,Preferensi Waktu
Time for a Quiz,Saatnya Kuis
Time in Video,Waktu dalam Video
Time in Video (minutes),Waktu dalam Video (menit)
Time in video exceeds the total duration of the video.,Waktu dalam video melebihi total durasi video.
Time must be in 24 hour format (HH:mm). Example 11:30 or 22:00,Waktu harus dalam format 24 jam (HH:mm). Contoh 11:30 atau 22:00
Time: ,Waktu: 
Timetable,Jadwal
Timetable Legends,Legenda Jadwal
Timetable Template,Templat Jadwal
Timezone,Zona waktu
Timezone is required for paid certificates.,Zona waktu diperlukan untuk sertifikat berbayar.
Timings:,Waktu:
Title,Judul
Title cannot be empty.,Judul tidak boleh kosong.
Title is required,Judul diperlukan
To,Untuk
To Date,Untuk Tanggal
"To join this batch, please contact the Administrator.","Untuk bergabung dalam batch ini, silakan menghubungi Administrator."
"Too many users signed up recently, so the registration is disabled. Please try back in an hour","Terlalu banyak pengguna mendaftar baru, sehingga pendaftaran dinonaktifkan. Silakan coba kembali dalam satu jam"
Total,Total
Total Marks,Nilai Total
Total Signups,Total Pendaftaran
Training Feedback,pelatihan Masukan
Transaction Details,Detail Transaksi
Transaction created successfully,Transaksi berhasil dibuat
Travel,Perjalanan
Try Again,Coba Lagi
Tuesday,Selasa
Twitter,Twitter
Twitter ID,ID Twitter
Type,Jenis
Type '/' for commands or select text to format,Ketik '/' untuk perintah atau pilih teks yang akan diformat
Type your answer,Ketikkan jawaban Anda
"UK Grading  (e.g. 1st, 2:2)","Penilaian Inggris (misalnya peringkat 1, 2:2)"
URL,URL
UUID,UUID
Unable to add member,Tidak dapat menambahkan anggota
Unable to create category,Tidak dapat membuat kategori
Unattempted Questions,Pertanyaan yang Belum Dicoba
Unavailability,Tidak tersedianya
Unavailability updated successfully,Ketidaktersediaan berhasil diperbarui
Unavailable From Date cannot be greater than Unavailable To Date,Tanggal Tidak Tersedia Mulai tidak boleh lebih besar dari Tanggal Tidak Tersedia Hingga Saat ini
Under Review,Sedang Ditinjau
Unpublished,Tidak diterbitkan
Unsplash,Hapus percikan
Unsplash Access Key,Hapus Kunci Akses
Unstructured Role,Peran Tidak Terstruktur
Upcoming,Mendatang
Upcoming Batches,Batch Mendatang
Upcoming Evaluations,Evaluasi Mendatang
Upcoming Live Classes,Kelas Langsung Mendatang
Update,Perbaruan
Update Password,Perbarui Kata Sandi
Updated On,Diperbarui Aktif
Upload,Mengunggah
Upload Assignment,Unggah Tugas
Upload File,Unggah Berkas
Uploading,Mengunggah
Usage Limit,Batas Penggunaan
Usage limit cannot be negative,Batas penggunaan tidak boleh negatif
Use HTML,Gunakan HTML
Use HTML content for the email response,Gunakan konten HTML untuk tanggapan email
User,Pengguna
User Category,Kategori Pengguna
User Field,Bidang Pengguna
User Image,Gambar Pengguna
User Input,Masukan Pengguna
User Skill,Keterampilan Pengguna
User does not have permission to access this user's profile details.,Pengguna tidak memiliki izin untuk mengakses detail profil pengguna ini.
Username,Nama pengguna
Users,Pengguna
Users Response,Respon Pengguna
Valid email and name required,Diperlukan email dan nama yang valid
Value,Nilai
Value Change,Perubahan Nilai
Video Embed Link,Tautan Penyematan Video
Video Statistics,Statistik Video
View Applications,Lihat Aplikasi
View Certificate,Lihat Sertifikat
View Resume,Lihat Lanjutkan
View all feedback,Lihat semua masukan
Violet,Ungu
Visit Website,Kunjungi Situs Web
Visit the following link to view your ,Kunjungi tautan berikut untuk melihat Anda
Visit your batch,Kunjungi kelompok Anda
Volunteering or Internship,Kesukarelaan atau Magang
Watch Time,Waktu Tonton
Watch Time (mins),Waktu Tonton (menit)
We are pleased to inform you that you have been enrolled in our upcoming batch. Congratulations!,Dengan senang hati kami informasikan kepada Anda bahwa Anda telah terdaftar pada angkatan kami yang akan datang. Selamat!
"We have a limited number of seats, and they won't be available for long!","Jumlah kursi kami terbatas, dan kursi tersebut tidak akan tersedia dalam waktu lama!"
We noticed that you started enrolling in the,Kami memperhatikan bahwa Anda mulai mendaftar di
Web Page,Halaman web
Web page added to sidebar,Halaman web ditambahkan ke sidebar
Wednesday,Rabu
What are Instructor Notes?,Apa itu Catatan Instruktur?
What best describes your role?,Apa yang paling menggambarkan peran Anda?
What is your use case for Frappe Learning?,Apa kasus penggunaan Anda untuk LMS?
"When a course gets submitted for review, it will be listed here.","Saat kursus dikirimkan untuk ditinjau, kursus tersebut akan dicantumkan di sini."
Where did you hear about us?,Dari mana Anda mendengar tentang kami?
Work,Bekerja
Work Environment,Lingkungan Kerja
Work Experience,Pengalaman Kerja
Work Experience Details,Detail Pengalaman Kerja
Work Mode,Modus Kerja
Write a Review,Tulis Ulasan
Write your answer here,Tulis jawaban Anda di sini
Yellow,Kuning
You are already certified for this course. Click on the card below to open your certificate.,Anda sudah tersertifikasi untuk kursus ini. Klik pada kartu di bawah untuk membuka sertifikat Anda.
You are already enrolled for this batch.,Anda sudah terdaftar untuk angkatan ini.
You are already enrolled for this course.,Anda sudah terdaftar untuk kursus ini.
You are not authorized to view the assessments of this batch.,Anda tidak berwenang untuk melihat penilaian batch ini.
You are not authorized to view the chart data of this batch.,Anda tidak berwenang untuk melihat data grafik kumpulan ini.
You are not authorized to view the details of this program.,Anda tidak berwenang untuk melihat rincian program ini.
You are not authorized to view the discussion replies for this topic.,Anda tidak berwenang melihat balasan diskusi untuk topik ini.
You are not authorized to view the discussion topics for this item.,Anda tidak berwenang melihat topik diskusi untuk item ini.
You are not authorized to view the question details.,Anda tidak berwenang melihat detail pertanyaan.
You are not authorized to view the students of this batch.,Anda tidak berwenang melihat siswa angkatan ini.
You are not enrolled in this course.,Anda tidak terdaftar dalam kursus ini.
You are not enrolled in this course. Please enroll to access this lesson.,Anda tidak terdaftar dalam kursus ini. Silakan mendaftar untuk mengakses pelajaran ini.
You are not permitted to access this page.,Anda tidak diizinkan mengakses halaman ini.
You can also copy-paste following link in your browser,Anda juga dapat menyalin-menempelkan tautan berikut di browser Anda
"You can do better,","Anda bisa melakukan lebih baik,"
You can find their resume attached to this email.,Anda dapat menemukan resume mereka terlampir di email ini.
You cannot change the availability when the site is being updated.,Anda tidak dapat mengubah ketersediaan saat situs sedang diperbarui.
You cannot change the roles in read-only mode.,Anda tidak dapat mengubah peran dalam mode baca-saja.
You cannot enroll in an unpublished course.,Anda tidak dapat mendaftar pada kursus yang tidak dipublikasikan.
You cannot enroll in an unpublished program.,Anda tidak dapat mendaftar di program yang tidak dipublikasikan.
You cannot enroll in this course as self-learning is disabled. Please contact the Administrator.,Anda tidak dapat mendaftar di kursus ini karena pembelajaran mandiri dinonaktifkan. Silakan hubungi Administrator.
You cannot schedule evaluations for past slots.,Anda tidak dapat menjadwalkan evaluasi untuk slot sebelumnya.
You do not have access to this batch.,Anda tidak memiliki akses ke kumpulan ini.
You do not have access to this course.,Anda tidak memiliki akses ke kursus ini.
You do not have permission to access announcements for this batch.,Anda tidak memiliki izin untuk mengakses pengumuman untuk batch ini.
You do not have permission to access badges.,Anda tidak memiliki izin untuk mengakses lencana.
You do not have permission to access heatmap data.,Anda tidak memiliki izin untuk mengakses data peta panas.
You do not have permission to access lesson completion stats.,Anda tidak memiliki izin untuk mengakses statistik penyelesaian pelajaran.
You do not have permission to access this course's assessment data.,Anda tidak memiliki izin untuk mengakses data penilaian kursus ini.
You do not have permission to access this course's progress data.,Anda tidak memiliki izin untuk mengakses data kemajuan kursus ini.
You do not have permission to access this page.,Anda tidak memiliki izin untuk mengakses halaman ini.
You do not have permission to cancel this evaluation.,Anda tidak memiliki izin untuk membatalkan evaluasi ini.
You do not have permission to create a live class.,Anda tidak memiliki izin untuk membuat kelas langsung.
You do not have permission to delete this batch.,Anda tidak memiliki izin untuk menghapus kumpulan ini.
You do not have permission to delete this chapter.,Anda tidak memiliki izin untuk menghapus bab ini.
You do not have permission to delete this course.,Anda tidak mempunyai izin untuk menghapus kursus ini.
You do not have permission to delete this lesson.,Anda tidak memiliki izin untuk menghapus pelajaran ini.
You do not have permission to modify this chapter.,Anda tidak memiliki izin untuk mengubah bab ini.
You do not have permission to modify this lesson.,Anda tidak memiliki izin untuk mengubah pelajaran ini.
You do not have permission to modify this role.,Anda tidak memiliki izin untuk mengubah peran ini.
You do not have permission to send confirmation emails for this enrollment.,Anda tidak memiliki izin untuk mengirim email konfirmasi untuk pendaftaran ini.
You do not have permission to set up calendar events for this evaluation.,Anda tidak memiliki izin untuk menyiapkan acara kalender untuk evaluasi ini.
You do not have permission to update meta tags.,Anda tidak memiliki izin untuk memperbarui tag meta.
You do not have permission to update this submission.,Anda tidak memiliki izin untuk memperbarui kiriman ini.
You don't have any notifications.,Anda tidak mendapat notifikasi apa pun.
You have a live class scheduled tomorrow. Please be prepared and be on time for the session.,Anda memiliki jadwal kelas langsung besok. Harap bersiap dan datang tepat waktu untuk sesi ini.
You have already applied for this job.,Anda sudah melamar pekerjaan ini.
You have already exceeded the maximum number of attempts allowed for this quiz.,Anda telah melampaui jumlah percobaan maksimum yang diperbolehkan untuk kuis ini.
You have already purchased the certificate for this course.,Anda telah membeli sertifikat untuk kursus ini.
You have already reviewed this course,Anda telah meninjau kursus ini
You have applied,Anda telah melamar
You have been enrolled in this batch,Anda telah terdaftar dalam angkatan ini
You have been enrolled in this course,Anda telah terdaftar dalam kursus ini
You have not completed the course yet.,Anda belum menyelesaikan kursus.
You have not received any certificates yet.,Anda belum menerima sertifikat apa pun.
You have opted to be notified for this course. You will receive an email when the course becomes available.,Anda telah memilih untuk diberitahu untuk kursus ini. Anda akan menerima email saat kursus tersedia.
You must be a Moderator or Batch Evaluator to enroll users in a batch.,Anda harus menjadi Moderator atau Evaluator Batch untuk mendaftarkan pengguna dalam suatu batch.
You must be an Admin to assign badges to users.,Anda harus menjadi Admin untuk menetapkan lencana kepada pengguna.
You must be enrolled in the course to submit a review,Anda harus terdaftar dalam kursus untuk mengirimkan ulasan
You need to complete the payment for this course before enrolling.,Anda harus menyelesaikan pembayaran untuk kursus ini sebelum mendaftar.
You need to login first to enroll for this course,Anda harus login terlebih dahulu untuk mendaftar kursus ini
"You rock,","Kamu keren,"
You will have to complete the quiz to continue the video,Anda harus menyelesaikan kuis untuk melanjutkan video
You've applied to become a mentor for this course. Your request is currently under review.,Anda telah melamar menjadi mentor untuk kursus ini. Permintaan Anda sedang ditinjau.
You've successfully submitted the assignment.,Anda telah berhasil mengirimkan tugas.
YouTube Video URL,URL Video YouTube
YouTube Video will appear at the top of the lesson.,Video YouTube akan muncul di bagian atas pelajaran.
Your Account has been successfully created!,Akun Anda telah berhasil dibuat!
Your Output,Keluaran Anda
Your browser does not support the video tag.,Browser Anda tidak mendukung tag video.
Your calendar is set.,Kalender Anda sudah diatur.
Your evaluation slot has been booked,Slot evaluasi Anda telah dipesan
"Your learning streak counts the number of days in a row you’ve kept up your learning, whether it’s a lesson, quiz, or assignment. Don’t worry, weekends don’t break your streak.","Prestasi belajar Anda menghitung jumlah hari berturut-turut Anda terus belajar, baik itu pelajaran, kuis, atau tugas. Jangan khawatir, akhir pekan tidak akan merusak rekor Anda."
Your request to join us as a mentor for the course,Permintaan Anda untuk bergabung dengan kami sebagai mentor kursus
"Your submission has been successfully saved. The instructor will review and grade it shortly, and you'll be notified of your final result.","Kiriman Anda telah berhasil disimpan. Instruktur akan segera meninjau dan menilainya, dan Anda akan diberitahu tentang hasil akhir Anda."
Zen Mode,Modus Zen
Zoom,Perbesar
Zoom Account,Perbesar Akun
Zoom Account created successfully,Akun Zoom berhasil dibuat
Zoom Settings,Pengaturan Zoom
Zoom account deleted successfully,Akun Zoom berhasil dihapus
activities,kegiatan
activity,aktivitas
and,dan
and then 'Add to Home Screen',lalu 'Tambahkan ke Layar Utama'
applicant,pemohon
applicants,pelamar
average rating,peringkat rata-rata
but didn’t complete your payment,tetapi tidak menyelesaikan pembayaran Anda
cancel your application,membatalkan lamaran Anda
certificate,sertifikat
certificates,sertifikat
completed,selesai
course,kursus
courses,kursus
day streak,hari berturut-turut
days,hari
"e.g. IST, UTC, GMT...","misalnya IST, UTC, GMT..."
enrolled student,siswa yang terdaftar
enrolled students,siswa yang terdaftar
evaluation,evaluasi
evaluations,evaluasi
has been,telah
in the last,di yang terakhir
jane@example.com,jane@example.com
lesson,pelajaran
lessons,pelajaran
live class,kelas langsung
live classes,kelas langsung
match,cocok
matches,pertandingan
member,anggota
members,anggota
minutes,menit
of,dari
others,lainnya
question_detail,pertanyaan_detail
rating,peringkat
saving...,penghematan...
students,siswa
that might interest you!,itu mungkin menarik bagi Anda!
to close,untuk menutup
to navigate,untuk menavigasi
to select,untuk memilih
to view your feedback.,untuk melihat masukan Anda.
weeks,minggu
you can,kamu bisa
{0} not found,{0} tidak ditemukan
